Year,Date,Company,% reduction,No of employees affected,Employees left,Location (US),Notes,Country (non-US)
2025,7-Jan,CytomX Therapeutics,40%,,,California,SSF,
2025,7-Jan,Cassava Sciences,33%,10,,Texas,Austin,
2025,8-Jan,Galapagos,40%,300,,,,Belgium
2025,8-Jan,Scribe Therapeutics,20%,,,California,Alameda,
2025,9-Jan,Velia Therapeutics,NA,,,California,San Diego,
2025,9-Jan,IGM Biosciences,73%,,,California,Mountain View,
2025,10-Jan,Shoreline Biosciences,NA,,,California,San Diego,
2025,10-Jan,Intellia Therapeutics,27%,,,Massachusetts,Cambridge,
2025,10-Jan,Y-mAbs Therapeutics,13%,,,New Jersey,Princeton,
2025,10-Jan,Passage Bio,55%,,,Pennsylvania,Philadelphia,
2025,10-Jan,Barinthus Bio,65%,,,,,UK
2025,13-Jan,Apellis Pharmaceuticals,,40,,Massachusetts,Waltham,
2025,16-Jan,Notch Therapeutics,NA,,,,British Columbia,Canada
2025,22-Jan,Biogen,NA,,,Massachusetts,Cambridge,
2025,27-Jan,Allakos,75%,,,California,San Carlos,
2025,28-Jan,Zentalis Pharmaceuticals:,40%,,,New York,NYC,
2025,29-Jan,I-Mab,27%,,,Maryland,Rockville,
2025,29-Jan,Ironwood Pharmaceuticals,50%,,,Massachusetts,Boston,
2025,29-Jan,Cargo Therapeutics,50%,,,California,San Carlos,
2025,3-Feb,Omega Therapeutics,,17,,Massachusetts,Cambridge,
2025,4-Feb,Turnstone Biologics,NA,,,California,La Jolla,
2025,4-Feb,Bristol Myers Squibb,,67,,California,,
2025,4-Feb,Kyowa Kirin,,52,,New Jersey,Princeton,
2025,5-Feb,Frontier Medicines,NA,,,Massachusetts,Boston,
2025,5-Feb,Viracta Therapeutics,100%,,,California,San Diego,
2025,6-Feb,X4 Pharmaceuticals,30%,43,,Massachusetts,Boston,
2025,10-Feb,Q32 Bio,NA,,,Massachusetts,Waltham,
2025,11-Feb,Third Harmonic Bio,50%,,,Massachusetts,Cambridge,
2025,11-Feb,Inventiva,50%,,,New York,,France
2025,13-Feb,Encoded Therapeutics,29%,,,California,SSF,
2025,13-Feb,Moderna,10%,50,,Massachusetts,Cambridge,
2025,14-Feb,Kojin Therapeutics,90%,,,,,
2025,14-Feb,Spotlight Therapeutics,100%,,,California,Hayward,
2025,25-Feb,Repare Therapeutics,75%,,,Massachusetts,Cambridge,Canada
2025,25-Feb,Lava Therapeutics,30%,,,Pennsylvania,Philadelphia,Netherlands
2025,25-Feb,Ryvu Therapeutics,30%,,,,,Poland
2025,27-Feb,Eisai,,121,,,,Japan
2025,28-Feb,CRISPR Therapeutics,NA,,,Massachusetts,Boston,Switzerland
2025,4-Mar,Atara Biotherapeutics,50%,,,California,Thousand Oaks,
2025,5-Mar,Bristol Myers Squibb,,280,,New Jersey,Princeton,
2025,5-Mar,ALX Oncology,30%,,,California,SSF,
2025,6-Mar,Atea Pharmaceuticals,25%,,,Massachusetts,Boston,
2025,11-Mar,Kiromic BioPharma,100%,,,Texas,unpaid furlough,
2025,13-Mar,GRO Biosciences,NA,,,Massachusetts,Cambridge,
2025,14-Mar,Sutro Biopharma,50%,,,,SSF,
2025,17-Mar,Apriori Bio,60%,15,21,Massachusetts,Boston,
2025,17-Mar,Merck & Co,163 jobs,163,,Pennsylvania,,
2025,18-Mar,Novartis,,,,New Jersey,,
2025,18-Mar,Pyxis Oncology,20%,,,Massachusetts,Boston,
2025,18-Mar,HC Bioscience,100%,,,Massachusetts,Boston,
2025,18-Mar,TC BioPharm,,20,,,,UK
2025,18-Mar,Empress Therapeutics,50%,,,Massachusetts,Watertown,
2025,19-Mar,Cargo Therapeutics,90%,,,California,San Carlos,
2025,19-Mar,bit.bio,25%,,,,Cambridge,UK
2025,20-Mar,Elevation Oncology,70%,,,Massachusetts,Boston,
2025,21-Mar,Vaxart,10%,,,California,SSF,
2025,25-Mar,ElevateBio,17%,,,Massachusetts,Waltham,
2025,27-Mar,Lyndra Therapeutics,,60,,Massachusetts,Watertown,
2025,27-Mar,Arbutus Biopharma,NA,,,Pennsylvania,Warminster,
2025,27-Mar,Nkarta,34%,53,,California,,
2025,28-Mar,BioAtla,30%,,,California,San Diego,
2025,31-Mar,LifeMine Therapeutics,NA,,,Massachusetts,Cambridge,
2025,31-Mar,Inspirna,100%,,,New York,Queens,
2025,31-Mar,Carisma Therapeutics,87%,40,6,Pennsylvania,Philadelphia,
2025,1-Apr,Sail Biomedicines,9%,12,125,Massachusetts,Cambridge,
2025,4-Apr,Oncodesign Precision,,5,,,,France
2025,4-Apr,Relay Therapeutics,75%,70,,Massachusetts,,
2025,7-Apr,Gilead,,149,,California,Foster City,
2025,7-Apr,Roche,,108,,California,Santa Clara,
2025,7-Apr,Lyell Immunopharma,,75,,California,SSF,
2025,8-Apr,Tango Therapeutics,,30,,Massachusetts,Boston,
2025,9-Apr,Vincerx Pharma,100%,,,California,San Mateo,Germany
2025,9-Apr,Organon,,93,,New Jersey,,
2025,10-Apr,Pfizer,,56,,New York,New York,
2025,10-Apr,Opthea,65%,,,New Jersey,Princeton,UK
2025,14-Apr,Third Harmonic Bio,100%,,,Massachusetts,Cambridge,
2025,15-Apr,Mural Oncology,90%,104,,Massachusetts,Waltham,
2025,21-Apr,Tempest Therapeutics,80%,21,5,California,Brisbane,
2025,24-Apr,Caribou Biosciences,32%,,,California,Berkeley,
2025,28-Apr,Spruce Biosciences,55%,,,California,SSF,
2025,29-Apr,Octagon Thereapeutics,100%,,,Massachusetts,and Rhode Island,
2025,29-Apr,Ono Pharma,,83,,Massachusetts,,Japan
2025,30-Apr,Entrada,20%,,,Massachusetts,Boston,
2025,30-Apr,Lisata Therapeutics,,4,,New Jersey,,
2025,1-May,Arvinas,33%,,,Connecticut,New Haven,
2025,2-May,Pliant Therapeutics,45%,,,California,SSF,
2025,5-May,Mammoth Biosciences,,24,,California,Brisbane,
2025,5-May,Unity Biotechnology,100%,,,California,San Carlos,
2025,5-May,Biomea Fusion,35%,,,California,San Carlos,
2025,5-May,Bristol Myers Squibb,,516,,New Jersey,Princeton,
2025,6-May,Mersana Therapeutics,55%,,,Massachusetts,Cambridge,
2025,8-May,RallyBio,40%,,,Connecticut,New Haven,
2025,8-May,Shape Therapeutics,NA,,,Washington,Seattle,
2025,8-May,Korro Bio,20%,,,Massachusetts,Cambridge,
2025,8-May,Vor Bio,95%,,,Massachusetts,Cambridge,
2025,8-May,Insitro,22%,,230,California,SSF,
2025,8-May,IGM Biosciences,80%,,,California,Mountain View,
2025,8-May,Teva Pharmaceuticals,8%,,,Pennsylvania,,Israel
2025,12-May,NGM Bio,75%,85,,California,SSF,
2025,12-May,Lexeo Therapeutics,15%,,,New York,New York,
2025,12-May,10X Genomics,8%,,,California,Pleasanton,
2025,13-May,Atara Biotherapeutics,30%,,23,California,Thousand Oaks,
2025,14-May,Kyverna,16%,,,California,Emeryville,
2025,14-May,Allogene,28%,,,California,SSF,
2025,14-May,RA Ventures,NA,,,Massachusetts,Westford,
2025,19-May,Prime Medicine,25%,,,Massachusetts,Cambridge,
2025,20-May,Schrodinger,7%,60,,New York,New York,
2025,20-May,Eikon Therapeutics,15%,,,California,Hayward,
2025,27-May,Boundless Bio,33%,20,,California,San Diego,
2025,28-May,iTeos Therapeutics,100%,173,,Massachusetts,Watertown,
2025,29-May,Stealth BioTherapeutics,30%,,,Massachusetts,Needham Heights,
2025,29-May,Keros Therapeutics,45%,,,Massachusetts,Lexington,
2025,3-Jun,Plexium,NA,,,California,San Diego,
2025,4-Jun,Rapt Therapeutics,NA,,,California,SSF,
2025,10-Jun,Recursion Pharmaceuticals,20%,,,Utah,Salt Lake City,
2025,11-Jun,Genentech,,143,,California,SSF,
2025,11-Jun,Vertex Pharmaceuticals,,125,,Massachusetts,Boston,
2025,12-Jun,ADC Therapeutics,30%,,,,UK site,Switzerland
2025,16-Jun,Gilead Sciences,36,36,,California,Foster City,
2025,17-Jun,Scorpion Therapeutics,33%,,,Massachusetts,Boston,
2025,18-Jun,BioNTech,,63,,,,Germany
2025,20-Jun,Prothena,63%,61,,,,Ireland
2025,23-Jun,Leap,75%,,,Massachusetts,Cambridge,
2025,25-Jun,BlueRock Therapeutics,,50,,Massachusetts,Cambridge,
2025,30-Jun,Sage Therapeutics,100%,338,,Massachusetts,Cambridge,
2025,30-Jun,Bristol Myers Squibb,,68,,New Jersey,Princeton,
2025,2-Jul,4D Molecular Therapeutics,25%,,,California,Emeryville,
2025,7-Jul,Century Therapeutics,51%,,,Pennsylvania,Philadelphia,
2025,7-Jul,CSL,unspecified,,,,,Australia
2025,9-Jul,Jasper Therapeutics,50%,,,California,Redwood City,
2025,11-Jul,Pacira,8%,71,,New Jersey,,
2025,11-Jul,Karyopharm Therapeutics,20%,,,Massachusetts,Newton,
2025,15-Jul,Ventus Therapeutics,unspecified,,,Massachusetts,Waltham,
2025,15-Jul,GSK,unspecified,,,Pennsylvania,Philadelphia,
2025,16-Jul,Sarepta Therapeutics,36%,500,,Massachusetts,Cambridge,
2025,18-Jul-25,Sail Biomedicines,,36,,,,
2025,21-Jul-25,Hookipa Pharma,97%,,,,,
2025,21-Jul-25,GSK,,150,,Massachusetts,Cambridge,
2025,23-Jul-25,Genentech,,87,,California,SSF,
2025,23-Jul-25,Generate Biomedicines,10%,,,Massachusetts,Somerville,
2025,23-Jul-25,Tessera Therapeutics,17%,,,Massachusetts,Somerville,
2025,24-Jul-25,Rocket Pharmaceuticals,30%,,,New Jersey,Cranbury,
2025,24-Jul-25,Adicet Bio,30%,,,California,Redwood City,
2024,4-Jan-24,Pfizer,,285,,New York,New York,
2024,4-Jan-24,Aera Therapeutics,25%,,,Massachusetts,Cambridge,
2024,4-Jan-24,Intellia Therapeutics,15%,,,Massachusetts,Cambridge,
2024,5-Jan-24,Allogene,22%,,,California,SSF,
2024,5-Jan-24,NanoString Technologies,9%,50,,Washington,Seattle,
2024,5-Jan-24,Senti Bio,37%,,,California,SSF,
2024,5-Jan-24,AlloVir,95%,,,Massachusetts,Waltham,
2024,8-Jan-24,Affimed,50%,,,,,Germany
2024,8-Jan-24,Exelixis,13%,175,,California,Alameda,
2024,8-Jan-24,Organon,3%,,,New Jersey,Jersey City,
2024,10-Jan-24,C4 Therapeutics,30%,45,,Massachusetts,Watertown,
2024,16-Jan-24,Allakos,50%,,,California,San Carlos,
2024,17-Jan-24,Dewpoint Therapeutics,,18,,Massachusetts,Boston,
2024,18-Jan-24,Bayer,,,,,,
2024,19-Jan-24,Ikena Oncology,35%,20,37,Massachusetts,Boston,
2024,19-Jan-24,PMV Pharma,,,,New Jersey,,
2024,19-Jan-24,Revolution Medicines,15%,58,,California,Redwood City,
2024,22-Jan-24,Cara Therapeutics,50%,,,,,
2024,25-Jan-24,Scholar Rock,17%,21,,Massachusetts,Cambridge,
2024,26-Jan-24,Strand Therapeutics,18%,,,,,
2024,29-Jan-24,Hookipa Pharma,30%,55,,,,
2024,29-Jan-24,Pfizer,,52,,California,SSF,
2024,30-Jan-24,2seventy bio,,55,,,,
2024,31-Jan-24,Atara Biotherapeutics,25%,44,,,,
2024,31-Jan-24,Rakuten Medical,,,,,,
2024,31-Jan-24,Xencor,10%,25,,California,,
2024,6-Feb-24,Rallybio,45%,19,,Connecticut,New Haven,
2024,9-Feb-24,Roche,6%,300,,,,Switzerland
2024,9-Feb-24,Synlogic,90%,,,Massachusetts,Cambridge,
2024,13-Feb-24,LianBio,50%,,,,,China
2024,15-Feb-24,Aurinia Pharmaceuticals,25%,,,,,Canada
2024,16-Feb-24,Sonata Therapeutics,33%,21,,Massachusetts,Cambridge,
2024,16-Feb-24,Clade Therapeutics,,,,Massachusetts,Boston,
2024,20-Feb-24,Ring Therapeutics,20%,19,,Massachusetts,Cambridge,
2024,26-Feb-24,Denali Therapeutics,10%,,,California,SSF,
2024,28-Feb-24,Longeveron,,,,Florida,Miami,
2024,28-Feb-24,Nicox,,,,,,France
2024,28-Feb-24,ObsEva,100%,,,,,Switzerland
2024,28-Feb-24,Johnson & Johnson,,55,,California,Brisbane,
2024,29-Feb-24,Kineta,64%,7,,Washington,Seattle,
2024,29-Feb-24,Gritstone Bio,40%,,,California,Emeryville,
2024,1-Mar-24,Moderna,,,,Massachusetts,Cambridge,
2024,4-Mar-24,Arrakis Therapeutics,20%,,,Massachusetts,Waltham,
2024,5-Mar-24,Sumitomo Pharma,,,,Massachusetts,Marlborough,
2024,5-Mar-24,Meissa Vaccines,,,,California,Redwood City,
2024,8-Mar-24,Kronos Bio,21%,,,California,San Mateo,
2024,13-Mar-24,Takeda,,190,,,,Austria
2024,13-Mar-24,Coherus BioSciences,30%,,,California,Redwood City,
2024,13-Mar-24,Sangamo Therapeutics,,93,,California,site in France?,
2024,14-Mar-24,Spruce Biosciences,21%,,,California,SSF,
2024,19-Mar-24,CureVac,,150,,,,Germany
2024,21-Mar-24,NextCure,37%,,,Maryland,Beltsville,
2024,22-Mar-24,Glaxo Smith Kline,,,,,Canada site?,
2024,26-Mar-24,Bristol Myers Squibb,,252,,California,San Diego,
2024,27-Mar-24,Bayer,,90,,New Jersey,Whippany,
2024,27-Mar-24,AlmataBio,100%,,,North Carolina,Durham,
2024,28-Mar-24,Xilio,21%,15,,Massachusetts,Waltham,
2024,28-Mar-24,Omega Therapeutics,35%,,,Massachusetts,Cambridge,
2024,29-Mar-24,Mustant Bio,,47,,Massachusetts,Worcester,
2024,1-Apr-24,Carisma Therapeutics,37%,,,Pennsylvania,Philadelphia,
2024,4-Apr-24,Amylyx Pharmaceuticals,70%,284,100,Massachusetts,Cambridge,
2024,5-Apr-24,Boehringer Ingelheim,,,,,,Germany
2024,5-Apr-24,Sanofi,,,,,,France
2024,9-Apr-24,Novartis,,240,,New Jersey,East Hanover,
2024,9-Apr-24,Novartis,,440,,,,Switzerland
2024,10-Apr-24,Genentech,3%,436,,California,SSF,
2024,16-Apr-24,Vedanta Biosciences,,24,,Massachusetts,Cambridge,
2024,17-Apr-24,Ultimovacs,40%,,,,,Norway
2024,19-Apr-24,Sanofi,,32,,,Diegem,Belgium
2024,19-Apr-24,Sanofi,,67,,,Ghent,Belgium
2024,23-Apr-24,BenevolentAI,30%,,,,,UK
2024,23-Apr-24,Tessera Therapeutics,14%,50,,Massachusetts,Somerville,
2024,1-May-25,Emergent BioSolutions,,300,,Maryland,Gaithersburg,
2024,2-May-25,Chroma Medicine,,,,Massachusetts,Boston,
2024,3-May-25,Gilead,,58,,California,Foster City,
2024,7-May-25,Kenvue,4%,920,,New Jersey,Skillman,
2024,8-May-25,Marinus,20%,,,Pennsylvania,Radnor,
2024,9-May-25,Ginkgo Bioworks,25%,,,Massachusetts,Boston,
2024,9-May,Pfizer / Seagen,,95,,,,Switzerland
2024,13-May,Takeda,,340,,California,San Diego,
2024,14-May,Bayer,,1500,,,,Germany
2024,15-May,BioMarin,5%,170,,California,San Rafael,
2024,15-May,Tenaya Therapeutics,22%,,,California,SSF,
2024,15-May,Bolt Biotherapeutics,50%,,,California,Redwood City,
2024,15-May,Trevena,35%,,,Pennsylvania,Chesterbrook,
2024,16-May,Akari Therapeutics,67%,,,New York,New York,
2024,17-May,Erasca,18%,,,California,San Diego,
2024,20-May,BIO,,30,,"Washington, D.C.",,
2024,21-May,Lyra Therapeutics,,87,,Massachusetts,Watertown,
2024,21-May,Exscientia,25%,,,,,UK
2024,28-May,Takeda,,495,,Massachusetts,Boston,
2024,28-May,Takeda,,146,,Massachusetts,Lexington,
2024,29-May,Ikena Oncology,50%,18,,Massachusetts,Boston,
2024,13-Jun,Barinthus Biotherapeutics,25%,,,,,UK
2024,24-Jun,G1 Therapeutics,,,,North Carolina,Research Triangle Park,
2024,24-Jun,eFFECTOR Therapeutics,100%,,,California,San Diego,
2024,26-Jun,Ovid Therapeutics,43%,17,,New York,New York,
2024,28-Jun,Aerovate Therapeutics,78%,39,,Massachusetts,Waltham,
2024,28-Jun,GeNeuro,,,,,,Switzerland
2024,30-Jun,Organon,2%,,,New Jersey,Jersey City,
2024,2-Jul,Takeda,,189,,Massachusetts,Cambridge,
2024,2-Jul,Takeda,,31,,Massachusetts,Lexington,
2024,3-Jul,CureVac,30%,,,,,Germany
2024,3-Jul,Apollomics,,,,California,Foster City,
2024,16-Jul,Rapt,40%,47,,California,SSF,
2024,16-Jul,Caribou,12%,21,,California,Berkeley,
2024,17-Jul,Aslan,100%,All,,,,Singapore
2024,22-Jul,MEI Pharma,,,,California,San Diego,
2024,24-Jul,Merck & Co.,,75-80,,New Jersey,Rahway,
2024,25-Jul,Relay Therapeutics,5%,,,Massachusetts,Cambridge,
2024,25-Jul,Anokion,,,,Massachusetts,Cambridge,
2024,25-Jul,GlycoMimetics,80%,,,Maryland,Rockville,
2024,26-Jul,Cue Biopharma,25%,,,Massachusetts,Boston,
2024,29-Jul,Viracta Therapeutics,23%,,,California,Cardiff,
2024,29-Jul,Pfizer,,60,,North Carolina,Rocky Mount,
2024,29-Jul,Pfizer (Sanford),,150,,North Carolina,Rocky Mount,
2024,31-Jul,Bayer,,70,,New Jersey,Whippany,
2024,31-Jul,HilleVax,40%,41,,Massachusetts,Boston,
2024,31-Jul,FibroGen,75%,,,California,San Francisco,
2024,1-Aug,UniQure,65%,300,,Massachusetts,Lexington,
2024,1-Aug,Arbutus Biopharma,40%,,,Pennsylvania,Warminster,
2024,2-Aug,Vir Biotechnology,25%,140,,California,San Francisco,
2024,5-Aug,Bristol Myers Squibb,,117,,New Jersey,Lawrenceville,
2024,7-Aug,Precigen,20%,,,Maryland,Germantown,
2024,8-Aug,Entero,,,,Florida,Most employees affected,
2024,9-Aug,AN2 Therapeutics,50%,20-21,,California,Menlo Park,
2024,12-Aug,Boundless Bio,,,,California,San Diego,
2024,13-Aug,Acelyrin,33%,40,,California,Agoura Hills,
2024,13-Aug,Lexicon Pharmaceuticals,50%,80,,Texas,The Woodlands,
2024,14-Aug,Viracta Therapeutics,23%,,,California,Cardiff,
2024,14-Aug,Galera Therapeutics,,,3,Pennsylvania,Malvern,
2024,15-Aug,Lykos Therapeutics,75%,75,,California,San Jose,
2024,16-Aug,Ansa Biotechnologies,,,,California,Emeryville,
2024,20-Aug,Bayer,,150,,,,Switzerland
2024,21-Aug,Aadi Bioscience,80%,,,California,R&D,
2024,26-Aug,Tome Biosciences,,131,,Massachusetts,Most employees affected,
2024,27-Aug,Genentech,,93,,California,SSF,
2024,28-Aug,BioMarin,7%,225,,California,San Rafael,
2024,28-Aug,Repare,25%,,,California,San Diego,
2024,30-Aug,Rakuten Medical,,,,,,
2024,4-Sep,Astellas,,,,California,SSF,
2024,5-Sep,IN8bio,50%,18,19,New York,New York,
2024,5-Sep,ImmunityBio,,20,,California,Culver City,
2024,6-Sep,Connect Biopharma,15%,,,,,China
2024,12-Sep,Charles River Laboratories,3%,642,,Massachusetts,Wilmington,
2024,12-Sep,Cidara Therapeutics,30%,,,California,San Diego,
2024,12-Sep,Oncternal Therapeutics,,,,California,San Diego,
2024,17-Sep,Athira Pharma,70%,,,Washington,Bothell,
2024,20-Sep,Bristol Myers Squibb,,79,,New Jersey,Lawrenceville,
2024,24-Sep,bluebird bio,25%,94,,Massachusetts,Somerville,
2024,30-Sep,Evotec,,200,,,,Germany
2024,30-Sep,Inventprise,7%,14,,Washington,Redmond,
2024,1-Oct,Shattuck Labs,40%,,,Texas,Austin,
2024,1-Oct,Bayer,,57,,New Jersey,Whippany,
2024,1-Oct,Johnson & Johnson,,231,,New Jersey,New Brunswick,
2024,1-Oct,Pfizer,,210,,,,Ireland
2024,3-Oct,Relay Therapeutics,10%,30,,Massachusetts,Cambridge,
2024,7-Oct,Kaleo,,58,,Virginia,Richmond,
2024,8-Oct,Black Diamond Therapeutics,,,,Massachusetts,Cambridge,
2024,9-Oct,Astellas (Universal Cells),,24,,Washington,Seattle,
2024,9-Oct,Leo Pharma,,250,,,,Denmark
2024,11-Oct,Turnstone Biologics,60%,,,New York,New York,
2024,17-Oct,Sage Therapeutics,,165,,Massachusetts,Cambridge,
2024,21-Oct,Takeda,,79,,Massachusetts,,
2024,22-Oct,Pfizer,,75,,North Carolina,Sanford,
2024,29-Oct,Spero Therapeutics,39%,,,Massachusetts,Cambridge,
2024,31-Oct,Compass Pathways,30%,,,,London,UK
2024,5-Nov,Sana Biotechnology,,,,Washington,Seattle,
2024,6-Nov,Viracta Therapeutics,42%,,,California,Cardiff,
2024,7-Nov,Aurinia Pharmaceuticals,45%,,,,,Canada
2024,13-Nov,Adaptimmune,33%,,,Pennsylvania,Philadelphia,
2024,13-Nov,Marinus Pharmaceuticals,45%,,,Pennsylvania,Radnore,
2024,14-Nov,Sensei Biotherapeutics,46%,,,Massachusetts,Boston,
2024,14-Nov,Gilead,,72,,Washington,Seattle,
2024,18-Nov,Gilead,,110,,California,Foster City,
2024,20-Nov,Merck & Co.,,,,,,China
2024,20-Nov,Johnson & Johnson,,,,,,China
2024,21-Nov,Sonata Therapeutics,,20,,Massachusetts,Cambridge,
2024,22-Nov,Lexicon Pharmaceuticals,60%,,,Texas,The Woodlands,
2024,25-Nov,Bristol Myers Squibb,,195,,New Jersey,Lawrenceville,
2024,26-Nov,Novartis,,139,,New Jersey,East Hanover,
2024,26-Nov,Medigene,40%,,,,,Germany
2024,26-Nov,Alector,17%,,,California,SSF,
2024,27-Nov,Kronos Bio,83%,,,California,San Mateo,
2024,27-Nov,Idorsia,,270,,,,Switzerland
2024,2-Dec,Alligator Bioscience,70%,,15,,,Sweden
2024,5-Dec,Agenus,,,,Massachusetts,Lexington,
2024,9-Dec,Belharra Therapeutics,40%,21,,California,San Diego,
2024,9-Dec,Carisma Therapeutics,34%,23,,Pennsylvania,Philadelphia,
2024,10-Dec,Cellectar Biosciences,60%,,,New Jersey,Florham Park,
2024,11-Dec,Bavarian Nordic,,48,,California,San Diego,
2024,11-Dec,BenevolentAI,,,,,,UK
2024,11-Dec,Nvelop Therapeutics / Chroma Medicine,,,,Massachusetts,Boston,
2024,12-Dec,Editas Medicine,65%,,,Massachusetts,Cambridge,
2024,13-Dec,Outlook Therapeutics,23%,,,New Jersey,Iselin,
2024,18-Dec,Ring Therapeutics,50%,,,Massachusetts,Cambridge,
2024,19-Dec,Novartis,,330,,Massachusetts,Boston,Munich also affected
2024,27-Dec,Vincerx Pharma,,,,California,Palo Alto,
2023,5-Jan,TCR Therapeutics,40%,,,Massachusetts,Cambridge,
2023,5-Jan,Fate Therapeutics,55%,,,California,San Diego,
2023,5-Jan,Century Therapeutics,25%,,,Pennsylvania,Philadelphia,
2023,5-Jan,Y-mAbs Therapeutics,35%,,,New Jersey,Princeton,
2023,6-Jan,Elevation Oncology,30%,,,Massachusetts,Boston,
2023,9-Jan,Editas,20%,,,Massachusetts,Cambridge,
2023,13-Jan,Zymergen,,29,,California,Emeryville,
2023,19-Jan,Cyteir Therapeutics,70%,,,Massachusetts,Lexington,
2023,19-Jan,ReNeuron,40%,,,,,UK
2023,23-Jan,Merck KGaA,26%,,,Massachusetts,Billerica,
2023,24-Jan,Finch Therapeutics,95%,,,Massachusetts,,
2023,30-Jan,Quince Therapeutics,47%,,,California,SSF,
2023,30-Jan,Amgen,,300,,California,Thousand Oaks,
2023,31-Jan,Inovio,11%,,,Pennsylvania,Plymouth Meeting,
2023,1-Feb,Instil Bio,,15,,California,Tarzana,Dallas HQ
2023,1-Feb,Evelo Biosciences,45%,48,,Massachusetts,Cambridge,
2023,3-Feb,Johnson & Johnson,,,,New Jersey,New Brunswick,
2023,3-Feb,Vyant Bio,,,,New Jersey,Cherry Hill,
2023,3-Feb,Eisai,,91,,New Jersey,Nutley,
2023,6-Feb,Magenta Therapeutics,84%,56,,Massachusetts,Cambridge,
2023,6-Feb,Neurona,26%,18,50,California,SSF,
2023,8-Feb,Aligos Therapeutics,10%,,,California,San Francisco,
2023,9-Feb,Eliem Therapeutics,55%,,,Washington,Seattle,
2023,13-Feb,Frequency Therapeutics,55%,,,Massachusetts,Lexington,
2023,16-Feb,Chimera Bioengineering,40%,,,California,SSF,
2023,16-Feb,Talaris Therapeutics,33%,,,Massachusetts,Wellesley,
2023,17-Feb,Pfizer,,111,,California,La Jolla,
2023,21-Feb,Aileron Therapeutics,,6,3,Massachusetts,Cambridge,
2023,22-Feb,Graphite Bio,50%,,,California,SSF,
2023,22-Feb,Quantum Genomics,,,,,,France
2023,22-Feb,Bayer,,55,,California,Berkeley,
2023,23-Feb,Jounce Therapeutics,57%,,,Massachusetts,Cambridge,
2023,23-Feb,Impel Pharmaceuticals,16%,,,Washington,Seattle,
2023,23-Feb,Cybin,15%,,,,,Canada
2023,23-Feb,EQRx,18%,,300,Massachusetts,Cambridge,
2023,26-Feb,Aptinyx,60%,,,Illinois,Evanston,
2023,27-Feb,Apexigen,55%,,,California,San Carlos,
2023,28-Feb,Theravance Biopharma,17%,,,California,SSF,
2023,1-Mar,G1 Therapeutics,30%,,,North Carolina,Durham,
2023,1-Mar,Jaguar Gene Therapy,20%,,,Illinois,Lake Forest,
2023,1-Mar,Johnson & Johnson,,57,,Pennsylvania,Lancaster County,
2023,2-Mar,Novo Nordisk,,100,,Washington,Seattle,also Indiana
2023,2-Mar,MorphoSys,17%,,,,,Germany
2023,6-Mar,Atai Life Sciences,30%,,,,,Germany
2023,8-Mar,CODA Biotherapeutics,100%,,,California,SSF,
2023,8-Mar,Johnson & Johnson,,352,,California,,
2023,9-Mar,Neoleukin Therapeutics,70%,,,Washington,Seattle,
2023,9-Mar,Coherus BioSciences,20%,60,300,California,,
2023,10-Mar,Olema Oncology,25%,,,California,San Francisco,
2023,21-Mar,Evofem Biosciences,,8,,California,San Diego,
2023,23-Mar,Genentech,,280,,California,San Francisco,
2023,27-Mar,Gamida Cell,17%,,,Massachusetts,Boston,
2023,28-Mar,Alector,11%,30,,California,SSF,
2023,28-Mar,Ferring Pharmaceuticals,,89,,NJ,Parsippany,
2023,28-Mar,Applied Molecular Transport,57%,,,California,SSF,
2023,28-Mar,Evaxion Biotech,,10,50,,,Denmark
2023,30-Mar,Molecular Templates,50%,111,111,Texas,Austin,
2023,31-Mar,Vedere Bio II,,,,Massachusetts,Cambridge,
2023,31-Mar,Aridis Pharmaceuticals,20%,7,26,California,Los Gatos,
2023,4-Apr,Freeline Therapeutics,30%,,,Massachusetts,Boston,UK
2023,4-Apr,VBI Vaccines,35%,,,Massachusetts,Cambridge,
2023,5-Apr,NGM Bio,33%,75,,California,SSF,
2023,6-Apr,Takeda,,186,,Massachusetts,Cambridge,Japan
2023,11-Apr,Biogen,,,,Massachusetts,Cambridge,
2023,12-Apr,GentiBio,,,,Massachusetts,Boston,
2023,12-Apr,Aeglea BioTherapeutics,,,10,Texas,Austin,
2023,14-Apr,Talaris Therapeutics,95%,80,,Massachusetts,Boston,
2023,18-Apr,Nektar Therapeutics,60%,,,California,San Francisco,
2023,26-Apr,Evelo Biosciences,,,,Massachusetts,Cambridge,
2023,27-Apr,Sangamo Therapeutics,27%,120,,California,Brisbane,
2023,30-Apr,Ipsen,,21,,Massachusetts,Cambridge,France
2023,30-Apr,Affimed,25%,,,,,Germany
2023,4-May,Selecta Biosciences,25%,,,Massachusetts,Watertown,
2023,8-May,Acasti Pharma,,,,New Jersey,West Windsor Township,
2023,8-May,EQRx,57%,170,,Massachusetts,Cambridge,
2023,9-May,Novavax,25%,500,,Maryland,Gaithersburg,
2023,9-May,Bristol Myers Squibb,,48,,New Jersey,,
2023,9-May,ADC Therapeutics,17%,,,New Jersey,Providence,Switzerland
2023,10-May,Gossamer Bio,25%,,,California,San Diego,
2023,12-May,Athenex,,123,,New York,Buffalo,
2023,23-May,PTC Therapeutics,8%,,,New Jersey,South Plainfield,
2023,25-May,BenevolentAI,,180,183,,,UK
2023,30-May,Rain Oncology,65%,,,California,Neward,
2023,31-May,Frequency Therapeutics,55%,,,Massachusetts,Lexington,
2023,2-Jun,Oncorus,,55,,Massachusetts,Andover,
2023,8-Jun,GreenLight Biosciences,51%,96,,Massachusetts,Medford,
2023,12-Jun,Rejuvenate Bio,,,,California,San Diego,
2023,13-Jun,Encoded Therapeutics,10%,,,California,SSF,
2023,13-Jun,Xalud Therapeutics,,,,New York,New York,
2023,16-Jun,Surface Oncology,50%,,,Massachusetts,Cambridge,
2023,19-Jun,Molecular Templates,44%,,,Texas,Austin,
2023,21-Jun,Nutcracker Therapeutics,,12,,California,Emeryville,
2023,22-Jun,Intercept,33%,,,New Jersey,Morristown,
2023,22-Jun,Federation Bio,,,,California,SSF,
2023,29-Jun,Eiger,25%,,,California,Palo Alto,
2023,11-Jul,BAKX Therapeutics,,,,Massachusetts,Cambridge,
2023,12-Jul,Avrobio,50%,,39,Massachusetts,Cambridge,
2023,12-Jul,Theratechnologies,,,,,,Canada
2023,14-Jul,Capsida Biotherapeutics,25%,,,California,Thousand Oaks,
2023,18-Jul,Pieris Pharmaceuticals,70%,,,Massachusetts,Boston,
2023,19-Jul,FibroGen,33%,,,California,San Francisco,
2023,19-Jul,ImmuneID,,,,Massachusetts,Cambridge,
2023,19-Jul,Amarin,,120,265,New Jersey,Bridgewater,
2023,20-Jul,Passage Bio,26%,,,Pennsylvania,Philadelphia,
2023,24-Jul,Heron Therapeutics,25%,,,California,San Diego,
2023,25-Jul,Biogen,11.50%,1000,7725,Massachusetts,Cambridge,
2023,26-Jul,Infinity Pharmaceuticals,78%,21,,Massachusetts,Cambridge,
2023,27-Jul,Mersana Therapeutics,50%,,,Massachusetts,Cambridge,
2023,28-Jul,Homology Medicines,87%,,,Massachusetts,Bedford,
2023,28-Jul,Ribon Therapeutics,,,,Massachusetts,Cambridge,
2023,30-Jul,858 Therapeutics,,,,California,San Diego,
2023,1-Aug,Intergalactic Therapeutics,100%,,0,Massachusetts,Boston,
2023,2-Aug,Karyopharm Therapeutics,20%,,,Massachusetts,Newton,
2023,3-Aug,Celsius Therapeutics,75%,,,Massachusetts,Cambridge,
2023,8-Aug,Salarius Pharmaceuticals,50%,,,Texas,Houston,
2023,9-Aug,Galera Therapeutics,70%,,,Pennsylvania,Malvern,
2023,9-Aug,Inovio,,58,,Pennsylvania,Plymouth Meeting,
2023,10-Aug,Atreca,40%,,,California,San Carlos,
2023,11-Aug,Bristol Myers Squibb,,105,,New Jersey,,
2023,14-Aug,Thermo Fisher Scientific,,205,,Florida,Alachua,
2023,14-Aug,BioXcel Therapeutics,60%,110,80,Connecticut,New Haven,
2023,15-Aug,Alaunos Therapeutics,60%,,,Texas,Houston,
2023,17-Aug,Biogen,,1000,,Massachusetts,Cambridge,
2023,17-Aug,BlueRock Therapeutics,12%,,,New York,,also Toronto
2023,22-Aug,Novartis,,103,,New Jersey,East Hanover,
2023,22-Aug,Lava Therapeutics,36%,,,Pennsylvania,Philadelphia,
2023,22-Aug,Aravive,70%,,,Texas,Houston,
2023,23-Aug,Apellis Pharmaceuticals,25%,225,,Massachusetts,Waltham,
2023,23-Aug,Agenus,25%,,,Massachusetts,Lexington,
2023,29-Aug,Notch Therapeutics,,25,,Washington,Seattle,also Toronto
2023,30-Aug,Poxel,57%,21,16,,,France
2023,31-Aug,Sana Biotechnology,,,,Washington,Seattle,
2023,31-Aug,NexImmune,53%,25,22,Maryland,Gaithersburg,
2023,31-Aug,Sage Therapeutics,40%,,,Massachusetts,Cambridge,
2023,12-Sep,2seventy bio,40%,176,,Massachusetts,Cambridge,
2023,18-Sep,Kinnate Biopharma,70%,,28,California,San Diego,
2023,19-Sep,Fresh Tracks Therapeutics,,,,Colorado,Boulder,
2023,20-Sep,NightHawk Biosciences,14%,13,,North Carolina,Durham,
2023,22-Sep,ImmunityBio,,50,,California,,also Florida
2023,26-Sep,AM-Pharma,,,,,,Netherlands
2023,27-Sep,Galecto,70%,29,,Massachusetts,Boston,
2023,29-Sep,PTC Therapeutics,24%,,,New Jersey,South Plainfield,
2023,2-Oct,Syros Pharmaceuticals,35%,,,Massachusetts,Cambridge,
2023,4-Oct,Kezar Life Sciences,41%,,,California,San Francisco,
2023,5-Oct,uniQure,20%,114,,Massachusetts,Lexington,Netherlands
2023,6-Oct,NanoString Technologies,20%,110,,Washington,Seattle,
2023,6-Oct,Atsena Therapeutics,,,,North Carolina,Durham,
2023,7-Oct,Eikon Therapeutics,,,,California,Hayward,
2023,10-Oct,Sana Biotechnology,29%,123,,Washington,Seattle,
2023,11-Oct,Biogen,,113,,Texas,Plano,
2023,17-Oct,Nkarta,10%,18,,California,SSF,
2023,19-Oct,Beam Therapeutics,20%,100,,Massachusetts,Cambridge,
2023,24-Oct,Amgen,,350,,California,Thousand Oaks,
2023,24-Oct,Idorsia,,300,,,,Switzerland
2023,24-Oct,BrainStorm Cell Therapeutics,30%,,,New York,New York,
2023,26-Oct,ElevateBio,13%,65,,Massachusetts,Waltham,
2023,30-Oct,Pfizer,,791,,New Jersey,Peapack,
2023,31-Oct,Galapagos,,100,,,,Belgium
2023,1-Nov,Rani Therapeutics,25%,,,California,San Jose,
2023,1-Nov,Sangamo Therapeutics,40%,162,,California,Brisbane,
2023,2-Nov,Seres Therapeutics,41%,160,,Massachusetts,Cambridge,
2023,7-Nov,CRISPR Therapeutics,,50,,Massachusetts,Cambridge,
2023,7-Nov,Arbutus Biopharma,24%,,,Pennsylvania,Warminster,
2023,8-Nov,Lyell Immunopharma,25%,,,California,SSF,
2023,8-Nov,Pyxis,40%,,,Massachusetts,Boston,
2023,9-Nov,Gilead,,45,,California,Foster City,
2023,9-Nov,Novavax,,,,Maryland,Gaithersburg,
2023,9-Nov,SQZ,80%,,,Massachusetts,Watertown,
2023,9-Nov,Regenxbio,15%,,,Maryland,Rockville,
2023,14-Nov,Theseus Pharmaceuticals,75%,,,Massachusetts,Cambridge,
2023,14-Nov,Pfizer,,500,,New York,New York,
2023,15-Nov,Atreca,40%,,,California,San Carlos,
2023,20-Nov,Kintara Therapeutics,,,,California,San Diego,
2023,28-Nov,Candel Therapeutics,50%,,,Massachusetts,Needham,
2023,29-Nov,Kite Pharma,7%,,,California,Santa Monica,
2023,29-Nov,Generation Bio,40%,,,Massachusetts,Cambridge,
2023,29-Nov,AbCellera Biologics,10%,,,,,Canada
2023,5-Dec,IGM Biosciences,22%,,,California,Mountain View,
2023,5-Dec,ReNAgade Therapeutics,10%,,,Massachusetts,Cambridge,
2023,5-Dec,Travere Therapeutics,20%,,,California,San Diego,
2023,5-Dec,Orna Therapeutics,,,,Massachusetts,Watertown,
2023,5-Dec,Axcella Health,85%,,,Massachusetts,Cambridge,
2023,8-Dec,Ventyx Biosciences,20%,,,California,San Diego,
2023,11-Dec,Altamira Therapeutics,25%,,,Delaware,Newark,
2023,12-Dec,Ferring Pharmaceuticals,,134,,New Jersey,Parsippany,
2023,13-Dec,Vir Biotechnology,12%,75,,California,San Francisco,
2023,14-Dec,Reneo Pharmaceuticals,70%,,,California,San Diego,
2023,19-Dec,Asher Bio,60%,34,,California,SSF,
2023,20-Dec,Aclaris Therapeutics,46%,,,Pennsylvania,Wayne,
2023,29-Dec,Oxurion,67%,,10,,,Belgium
2022,5-Jan,Spectrum Therapeutics,30%,,,California,Irvine,
2022,12-Jan,Daiichi Sankyo,,60,,California,SSF,
2022,12-Jan,BeyondSpring,35%,,,New York,New York,
2022,13-Jan,Zymeworks,25%,,,,,Canada
2022,19-Jan,Acutus Medical,,55,,California,Carlsbad,
2022,19-Jan,Leo Pharma,,68,,New Jersey,Madison,1000 more employees later
2022,20-Jan,Gamida Cell,10%,,,Massachusetts,Boston,
2022,20-Jan,Kaleido Biosciences,30%,,,Massachusetts,Lexington,
2022,10-Feb,Unity Biotechnology,50%,,,California,SSF,
2022,12-Feb,Biosplice,,41,,California,San Diego,
2022,15-Feb,Metacrine,50%,,,California,San Diego,
2022,20-Feb,Yumanity,60%,,,Massachusetts,Cambridge,
2022,25-Feb,Gemini Therapeutics,,24,,Massachusetts,Cambridge,
2022,1-Mar,Biogen,,,,Massachusetts,Cambridge,
2022,1-Mar,Epizyme,12%,,,Massachusetts,Cambridge,
2022,5-Mar,Gilead Sciences,,114,,New Jersey,Morris Plains,
2022,7-Mar,Adaptive Biotechnologies,,100,,Washington,Seattle,
2022,11-Mar,Passage Bio,13%,,,Pennsylvania,Philadelphia,
2022,11-Mar,Orphazyme,,,,,,Denmark
2022,16-Mar,Athenex,,,,New York,Buffalo,
2022,16-Mar,Ovid Therapeutics,20%,,,New York,New York,
2022,17-Mar,Orion,,37,,,,Canada
2022,17-Mar,Zosano,31%,,,California,Fremont,
2022,20-Mar,2seventy bio,6%,,,Massachusetts,Cambridge,
2022,22-Mar,Silverback Therapeutics,27%,,,Washington,Seattle,
2022,22-Mar,Merck & Co.,,143,,Massachusetts,Cambridge,
2022,23-Mar,BridgeBio Pharma,,,,California,Palo Alto,
2022,26-Mar,Zealand Pharma,90%,,,Massachusetts,Boston,
2022,26-Mar,Bone Therapeutics,25%,,,,,Belgium
2022,29-Mar,Taysha Gene Therapies,35%,,,Texas,Dallas,
2022,3-Apr,Novartis,,,,,,Switzerland
2022,5-Apr,Catalyst Biosciences,70%,19,,California,SSF,
2022,5-Apr,Bluebird bio,30%,,,Massachusetts,Somerville,
2022,10-Apr,Akebia,42%,,,Massachusetts,Cambridge,
2022,10-Apr,Sanofi,,25,,New York,New York,
2022,12-Apr,PerkinElmer,,75,,California,Valencia,
2022,12-Apr,Kaleido,,,,Massachusetts,Lexington,
2022,18-Apr,Stryker,,88,,Florida,Lakeland,
2022,19-Apr,ProQR,30%,,,Massachusetts,Cambridge,Netherlands
2022,22-Apr,Magenta Therapeutics,14%,,,Massachusetts,Cambridge,
2022,27-Apr,Imara,83%,,6,Massachusetts,Boston,
2022,27-Apr,Finch Therapeutics,20%,37,,Massachusetts,Somerville,
2022,27-Apr,Sio Gene Therapies,,,,New York,New York,
2022,28-Apr,Black Diamond Therapeutics,30%,,,Massachusetts,Cambridge,
2022,29-Apr,Nektar Therapeutics,70%,,,California,San Francisco,
2022,30-Apr,Genocea Biosciences,65%,,,Massachusetts,Cambridge,
2022,30-Apr,Solid Biosciences,30%,,,Massachusetts,Charlestown,
2022,3-May,Spero Therapeutics,75%,,35,Massachusetts,Cambridge,
2022,8-May,Agios Pharmaceuticals,,50,50,Massachusetts,Cambridge,
2022,10-May,Scholar Rock,25%,,,Massachusetts,Cambridge,
2022,18-May,Applied Molecular Transport,40%,,81,California,SSF,
2022,24-May,Genocea,100%,,,Massachusetts,Cambridge,Final closure after prior layoffs
2022,1-Jun,Atreca,25%,,,California,San Carlos,
2022,5-Jun,Athersys,70%,,,Ohio,Cleveland,
2022,15-Jun,Praxis,,,,California,San Francisco,
2022,23-Jun,RedHill Biopharma,33%,,,North Carolina,Raleigh,
2022,23-Jun,Vincerx Pharma,33%,,,California,Palo Alto,
2022,27-Jun,Novartis,,427,,New Jersey,East Hanover,8000 global
2022,29-Jun,Heron Therapeutics,34%,,,California,San Diego,
2022,29-Jun,Avadel Pharmaceuticals,50$,,,California,San Diego,
2022,1-Jul,PACT Pharma,,,94,California,SSF,"WARN notice effective July 1, 2022 :contentReference[oaicite:4]{index=4}"
2022,6-Jul,CytomX Therapeutics,40%,66,,California,SSF,
2022,7-Jul,Adverum Biotechnologies,40%,78,,California,Redwood City,
2022,18-Jul,Eisai / H3 Biomedicine,,,88,Massachusetts,Cambridge,"Closure and layoffs reported July 18, 2022 :contentReference[oaicite:5]{index=5}"
2022,20-Jul,Assembly Biosciences,30%,70,,California,San Diego,
2022,20-Jul,Inovio,18%,,,Pennsylvania,Plymouth Meeting,
2022,21-Jul,X4 Pharmaceuticals,20%,,,Massachusetts,Boston,
2022,8-Aug,MacroGenics,15%,,,Maryland,Rockville,
2022,8-Aug,Atara Biotherapeutics,20%,,,California,SSF,
2022,9-Aug,Vedanta Biosciences,20%,~25,,Massachusetts,Cambridge,
2022,9-Aug,Absci,,,,Washington,Vancouver,
2022,15-Aug,Avanir Pharmaceuticals,,,16,California,Aliso Viejo,
2022,15-Aug,VBL Therapeutics,35%,,,North Carolina,Raleigh,
2022,18-Aug,Clarus Therapeutics,40%,,,Illinois,Northbrook,
2022,18-Aug,Nuvation Bio,35%,,,Washington,Seattle,
2022,24-Aug,PACT Pharma,,,54,California,SSF,
2022,24-Aug,Aeglea BioTherapeutics,25%,,,Connecticut,New Haven,
2022,Aug 25,Zymergen,,,80,,Emeryville,
2022,30-Aug,Codiak BioSciences,37%,30,53,Massachusetts,Cambridge,
2022,31-Aug,Mereo BioPharma,40%,,,,,UK
2022,1-Sep,Finch Therapeutics,37%,,50,Massachusetts,Somerville,
2022,13-Sep,Rubius Therapeutics,75%,,160,Massachusetts,Cambridge,
2022,13-Sep,ObsEva,70%,,70,,,Switzerland
2022,15-Sep,Palisade Bio,20%,,,California,San Diego,
2022,15-Sep,IMV,33%,,,,,Canada
2022,27-Sep,Exicure,66%,,,Illinois,Chicago,
2022,4-Oct,OncoSec Medical,45%,18,,California,San Diego,
2022,6-Oct,Cyclerion Therapeutics,45%,,,Massachusetts,Boston,
2022,7-Oct,BioMarin Pharmaceuticals,4%,120,,California,Novato,
2022,12-Oct,GreenLight Biosciences,25%,,,Massachusetts,Medford,
2022,14-Oct,Invivyd,,,,Massachusetts,Waltham,formerly Adagio
2022,18-Oct,Ambrx Biopharma,15%,,,California,San Diego,
2022,2-Nov,Rubius Therapeutics,82%,,,Massachusetts,Cambridge,
2022,2-Nov,Surface Oncology,20%,,,Massachusetts,Boston,
2022,4-Nov,Repertoire Immune Medicines,45%,60,,Massachusetts,Cambridge,
2022,4-Nov,Galapagos,14%,200,,Massachusetts,Boston,
2022,8-Nov,Adaptimmune,30%,,,Pennsylvania,Philadelphia,
2022,9-Nov,Clovis Oncology,,115,,Colorado,Boulder,"Layoffs reported Nov 9, 2022 :contentReference[oaicite:18]{index=18}"
2022,10-Nov,Passage Bio,23%,,,Pennsylvania,Philadelphia,
2022,10-Nov,Roivant Sciences,12%,,,,,Switzerland
2022,10-Nov,Curis,30%,,,Massachusetts,Lexington,
2022,14-Nov,NexImmune,30%,,,Maryland,Gaithersburg,
2022,14-Nov,Tricidia,50%,,,California,San Diego,
2022,14-Nov,Harpoon Therapeutics,45%,,,Massachusetts,Lexington,
2022,14-Nov,Neoleukin,40%,,,California,San Francisco,
2022,14-Nov,Adamis Pharmaceuticals,,,,California,San Diego,
2022,15-Nov,Rafael Holdings,,10,,New Jersey,Toms River,
2022,15-Nov,Freeline Therapeutics     23%,,,,Massachusetts,Cambridge,
2022,18-Nov,Synthego,20%,,,California,Redwood City,
2022,25-Nov,Spectrum Pharmaceuticals,75%,,,Nevada,Henderson,
2022,29-Nov,Codexis,18%,,,California,Redwood City,
2022,29-Nov,Sana Biotechnology,15%,,,Washington,Seattle,
2022,30-Nov,SQZ Biotechnologies,60%,,,Massachusetts,Watertown,
2022,30-Nov,Synlogic,25%,,,Massachusetts,Cambridge,
2022,30-Nov,Oncorus,20%,,,Massachusetts,Cambridge,
2022,15-Dec,Axcella,85%,,,Massachusetts,Cambridge,
2022,8-Dec,Instil Bio,60%,,,Texas,Dallas,
2022,6-Dec,MEI Pharma,30%,,,California,San Diego,